item-name	item-description	listing-id	seller-sku	price	quantity	open-date	image-url	item-is-marketplace	product-id-type	zshop-shipping-fee	item-note	item-condition	zshop-category1	zshop-browse-path	zshop-storefront-feature	asin1	asin2	asin3	will-ship-internationally	expedited-shipping	zshop-boldface	product-id	bid-for-featured-placement	add-delete	pending-quantity	fulfillment-channel	status
DOVO Rasiermesser 100 Best Quality	Material<p>Dieses Rasiermesser besteht aus Kohlenstoffstahl mit der Werkstoffbezeichnung 1.2210, besser bekannt als Silberstahl. Um eine Härte von circa 61 HRC zu erreichen, wird das Material auf über 1000 Grad erhitzt und anschließend sofort mit einem Spezialöl abgeschreckt. Das darauf folgende Anlassen bei etwa 200 Grad gibt der Klinge Elastizität und Zähigkeit.</p>Griffmaterial<p>PMMA, auch unter dem Namen Acrylglas bekannt, ist ein thermoplastischer Kunststoff. Durch einen aufwendigen Politurvorgang erhält das Material seinen unverkennbaren Glanz und unterstreicht die hochwertige Anmutung der DOVO Rasiermesser. Du musst das Material nicht besonders pflegen, wische Seifenreste und Schmutz einfach mit einem feuchten Tuch ab.</p>Schliff<p>Beim Hohlschliff wird das Rasiermesser vom Rücken zur Schneide hin konkav ausgeschliffen. Diese Bauform verbindet große Flexibilität mit hoher Verwindungssteifigkeit in Längsform. Die Klingendynamik sorgt für eine sanfte Rasur begleitet von einem sehr charakteristischen Klang, der durch das Schwingen des Rasiermessers beim Haarabschnitt ausgelöst wird.</p>Klingenbeschreibung<p>Der Rundkopf ist die klassische Form eines Rasiermessers und wird den meisten Rasiersituation gerecht. Diese Klingenausprägung ist seit Jahrhunderten sehr beliebt, da die bauchige Form sehr sicher im Bereich der Ohren, Nase und Grübchen eingesetzt werden kann. Auch im Falle eines Falles schützt dich der runde Kopf vor Verletzungen.</p>Klingenbreite<p>Rasiermesser in der Größe 5/8 Zoll sind echte Allrounder und können jede Aufgabe rund um die klassische Nassrasur mit Bravour bestehen. Die Klinge ist relativ schwer und kann deshalb ohne großen Druck sanft über deine Haut gleiten. Gleichzeitig ist sie noch wendig genug, um auch technisch anspruchsvollere Passagen rund um Nase, Ohren und Kinn agil bewerkstelligen zu können.</p>	0301YUANLE4	100581	99.99	9	2021-03-01 20:11:59 CET		y	4			11				B005HO3B5U						4045284007426			0	DEFAULT	Active
DOVO Rasiermesser 101 Best Quality	Material<p>Dieses Rasiermesser besteht aus Kohlenstoffstahl mit der Werkstoffbezeichnung 1.2210, besser bekannt als Silberstahl. Um eine Härte von circa 61 HRC zu erreichen, wird das Material auf über 1000 Grad erhitzt und anschließend sofort mit einem Spezialöl abgeschreckt. Das darauf folgende Anlassen bei etwa 200 Grad gibt der Klinge Elastizität und Zähigkeit.</p>Griffmaterial<p>PMMA, auch unter dem Namen Acrylglas bekannt, ist ein thermoplastischer Kunststoff. Durch einen aufwendigen Politurvorgang erhält das Material seinen unverkennbaren Glanz und unterstreicht die hochwertige Anmutung der DOVO Rasiermesser. Du musst das Material nicht besonders pflegen, wische Seifenreste und Schmutz einfach mit einem feuchten Tuch ab.</p>Schliff<p>Der halbhohle Schliff vereint die individuellen Vorteile des vollhohlen und derben Schliffs. Einerseits weist die Klinge immer noch genug Flexibilität auf, um sich deiner Haut anzupassen und eine sehr sanfte Rasur zu bewerkstelligen, andererseits kann sie es auch bestens mit festeren Bartstoppeln oder starkem Bartwuchs aufnehmen.</p>Klingenbeschreibung<p>Der Rundkopf ist die klassische Form eines Rasiermessers und wird den meisten Rasiersituation gerecht. Diese Klingenausprägung ist seit Jahrhunderten sehr beliebt, da die bauchige Form sehr sicher im Bereich der Ohren, Nase und Grübchen eingesetzt werden kann. Auch im Falle eines Falles schützt dich der runde Kopf vor Verletzungen.</p>Klingenbreite<p>Rasiermesser in der Größe 5/8 Zoll sind echte Allrounder und können jede Aufgabe rund um die klassische Nassrasur mit Bravour bestehen. Die Klinge ist relativ schwer und kann deshalb ohne großen Druck sanft über deine Haut gleiten. Gleichzeitig ist sie noch wendig genug, um auch technisch anspruchsvollere Passagen rund um Nase, Ohren und Kinn agil bewerkstelligen zu können.</p>	0301YU7L6PB	101581	84.8	7	2021-03-01 20:11:59 CET		y	4			11				B000ZXB8YY						4045284007518			0	DEFAULT	Active
DOVO Rasiermesser 116 Forestal	Material<p>Dieses Rasiermesser besteht aus Kohlenstoffstahl mit der Werkstoffbezeichnung 1.2210, besser bekannt als Silberstahl. Um eine Härte von circa 61 HRC zu erreichen, wird das Material auf über 1000 Grad erhitzt und anschließend sofort mit einem Spezialöl abgeschreckt. Das darauf folgende Anlassen bei etwa 200 Grad gibt der Klinge Elastizität und Zähigkeit. Die Ornamente entstehen durch eine Beschichtung mit 24 karätigem Gold.</p>Griffmaterial<p>Rotholz eignet sich vortrefflich zur Herstellung eines Rasiermesserhefts. Dieses natürliche Material ist hart genug, um auch in einer feuchten Umgebung seine Form zu halten und die geringen Fertigungstoleranzen zu bewahren. Das seidenmatt polierte Holz liefert ein einzigartiges Farbspiel und die schimmernden Rottöne werden deine Blicke auf sich ziehen.</p>Schliff<p>Beim Hohlschliff wird das Rasiermesser vom Rücken zur Schneide hin konkav ausgeschliffen. Diese Bauform verbindet große Flexibilität mit hoher Verwindungssteifigkeit in Längsform. Die Klingendynamik sorgt für eine sanfte Rasur begleitet von einem sehr charakteristischen Klang, der durch das Schwingen des Rasiermessers beim Haarabschnitt ausgelöst wird.</p>Klingenbeschreibung<p>Der Rundkopf ist die klassische Form eines Rasiermessers und wird den meisten Rasiersituation gerecht. Diese Klingenausprägung ist seit Jahrhunderten sehr beliebt, da die bauchige Form sehr sicher im Bereich der Ohren, Nase und Grübchen eingesetzt werden kann. Auch im Falle eines Falles schützt dich der runde Kopf vor Verletzungen.</p>Klingenbreite<p>Rasiermesser in der Größe 5/8 Zoll sind echte Allrounder und können jede Aufgabe rund um die klassische Nassrasur mit Bravour bestehen. Die Klinge ist relativ schwer und kann deshalb ohne großen Druck sanft über deine Haut gleiten. Gleichzeitig ist sie noch wendig genug, um auch technisch anspruchsvollere Passagen rund um Nase, Ohren und Kinn agil bewerkstelligen zu können.</p>	0301YVJDE6U	1165831	157.9	7	2021-03-01 20:11:59 CET		y	4			11				B078B5PS8L						4045284008799			0	DEFAULT	Active
DOVO Rasiermesser 1516	Material<p>Dieses Rasiermesser besteht aus Kohlenstoffstahl mit der Werkstoffbezeichnung 1.2210, besser bekannt als Silberstahl. Um eine Härte von circa 61 HRC zu erreichen, wird das Material auf über 1000 Grad erhitzt und anschließend sofort mit einem Spezialöl abgeschreckt. Das darauf folgende Anlassen bei etwa 200 Grad gibt der Klinge Elastizität und Zähigkeit. Die Ornamente entstehen durch eine Beschichtung mit 24 karätigem Gold.</p>Griffmaterial<p>Schon seit der Antike wird das teure Schildpatt zur Herstellung von exquisiter Kunst und Mobiliar verwendet. Früher wurde es fast mit Gold aufgewogen und schmückt seither unzählige Königshöfe. Um die vom Aussterben bedrohte Schildkröte zu schützen, arbeiten wir ausschließlich mit einem Imitat aus seidenmatt poliertem Acrylglas.</p>Schliff<p>Beim Hohlschliff wird das Rasiermesser vom Rücken zur Schneide hin konkav ausgeschliffen. Diese Bauform verbindet große Flexibilität mit hoher Verwindungssteifigkeit in Längsform. Die Klingendynamik sorgt für eine sanfte Rasur begleitet von einem sehr charakteristischen Klang, der durch das Schwingen des Rasiermessers beim Haarabschnitt ausgelöst wird.</p>Klingenbeschreibung<p>Der Rundkopf ist die klassische Form eines Rasiermessers und wird den meisten Rasiersituation gerecht. Diese Klingenausprägung ist seit Jahrhunderten sehr beliebt, da die bauchige Form sehr sicher im Bereich der Ohren, Nase und Grübchen eingesetzt werden kann. Auch im Falle eines Falles schützt dich der runde Kopf vor Verletzungen.</p>Klingenbreite<p>Rasiermesser in der Größe 5/8 Zoll sind echte Allrounder und können jede Aufgabe rund um die klassische Nassrasur mit Bravour bestehen. Die Klinge ist relativ schwer und kann deshalb ohne großen Druck sanft über deine Haut gleiten. Gleichzeitig ist sie noch wendig genug, um auch technisch anspruchsvollere Passagen rund um Nase, Ohren und Kinn agil bewerkstelligen zu können.</p>	0301YU6ERYH	1516580	138.99	14	2021-03-01 20:11:59 CET		y	4			11				B0028BDLTQ						4045284007815			0	DEFAULT	Active
DOVO Rasiermesser 25	Material<p>Dieses Rasiermesser besteht aus Kohlenstoffstahl mit der Werkstoffbezeichnung 1.2210, besser bekannt als Silberstahl. Um eine Härte von circa 61 HRC zu erreichen, wird das Material auf über 1000 Grad erhitzt und anschließend sofort mit einem Spezialöl abgeschreckt. Das darauf folgende Anlassen bei etwa 200 Grad gibt der Klinge Elastizität und Zähigkeit. Die Ornamente entstehen durch eine Beschichtung mit 24 karätigem Gold.</p>Griffmaterial<p>Ebenholz zählt zu den wertvollsten Hölzern der Erde. Es ist ausgesprochen hart und schwer. Daher eignet es sich vortrefflich zur Herstellung eines hochwertigen Griffes. Seine Struktur ermöglicht es dem Holz, auch in feuchter Umgebung seine Form zu halten und nicht aufzuquellen. Mehrere Schleifdurchgänge sind nötig, um die seidenweiche Oberfläche zu erschaffen.</p>Schliff<p>Beim Hohlschliff wird das Rasiermesser vom Rücken zur Schneide hin konkav ausgeschliffen. Diese Bauform verbindet große Flexibilität mit hoher Verwindungssteifigkeit in Längsform. Die Klingendynamik sorgt für eine sanfte Rasur begleitet von einem sehr charakteristischen Klang, der durch das Schwingen des Rasiermessers beim Haarabschnitt ausgelöst wird.</p>Klingenbeschreibung<p>Bei einem Rasiermesser mit klassischem Gradkopf endet die Schneide direkt vorne an der Spitze des Messers im 90°-Winkel. Mit etwas Übung erreichst du so formidable Ergebnisse sowohl beim exakten Formen von Konturen, als auch beim Ausrasieren von Grübchen. Eine solche Klingenausprägung ermöglicht dir absolute Präzision, sollte aber nur von erfahrenen Nutzern verwendet werden.</p>Klingenbreite<p>Rasiermesser in der Größe 5/8 Zoll sind echte Allrounder und können jede Aufgabe rund um die klassische Nassrasur mit Bravour bestehen. Die Klinge ist relativ schwer und kann deshalb ohne großen Druck sanft über deine Haut gleiten. Gleichzeitig ist sie noch wendig genug, um auch technisch anspruchsvollere Passagen rund um Nase, Ohren und Kinn agil bewerkstelligen zu können.</p>	0301YV82YGQ	255831	128.99	3	2021-03-01 20:11:59 CET		y	4			11				B0756TWLZJ						4045284007976			0	DEFAULT	Active
DOVO Rasiermesser 2 Bismarck	Material<p>Dieses Rasiermesser besteht aus Kohlenstoffstahl mit der Werkstoffbezeichnung 1.2210, besser bekannt als Silberstahl. Um eine Härte von circa 61 HRC zu erreichen, wird das Material auf über 1000 Grad erhitzt und anschließend sofort mit einem Spezialöl abgeschreckt. Das darauf folgende Anlassen bei etwa 200 Grad gibt der Klinge Elastizität und Zähigkeit. Die Ornamente entstehen durch eine Beschichtung mit 24 karätigem Gold.</p>Griffmaterial<p>Ebenholz zählt zu den wertvollsten Hölzern der Erde. Es ist ausgesprochen hart und schwer. Daher eignet es sich vortrefflich zur Herstellung eines hochwertigen Griffes. Seine Struktur ermöglicht es dem Holz, auch in feuchter Umgebung seine Form zu halten und nicht aufzuquellen. Mehrere Schleifdurchgänge sind nötig, um die seidenweiche Oberfläche zu erschaffen.</p>Schliff<p>Beim Hohlschliff wird das Rasiermesser vom Rücken zur Schneide hin konkav ausgeschliffen. Diese Bauform verbindet große Flexibilität mit hoher Verwindungssteifigkeit in Längsform. Die Klingendynamik sorgt für eine sanfte Rasur begleitet von einem sehr charakteristischen Klang, der durch das Schwingen des Rasiermessers beim Haarabschnitt ausgelöst wird.</p>Klingenbeschreibung<p>Der Rundkopf ist die klassische Form eines Rasiermessers und wird den meisten Rasiersituation gerecht. Diese Klingenausprägung ist seit Jahrhunderten sehr beliebt, da die bauchige Form sehr sicher im Bereich der Ohren, Nase und Grübchen eingesetzt werden kann. Auch im Falle eines Falles schützt dich der runde Kopf vor Verletzungen.</p>Klingenbreite<p>Eine breite Klinge eignet sich vor allem für Herren mit starkem Bartwuchs oder dickeren Haaren. Ein Rasiermesser in 6/8 Zoll gleitet unbeirrt auch durch dichteste Gesichtsbehaarung. Der erfahrene Barbier schätzt das hohe Eigengewicht der Klinge und das daraus resultierende ruhige Laufverhalten. Vor allem auf glatten Gesichtspartien erzielst du so eine unerreicht gründlich sowie komfortable Rasur.</p>	0301YU769XC	26810	169.45	5	2021-03-01 20:11:59 CET		y	4			11				B00G444XXQ						4045284008287			0	DEFAULT	Active
DOVO Rasiermesser 2 Bismarck	Material<p>Dieses Rasiermesser besteht aus Kohlenstoffstahl mit der Werkstoffbezeichnung 1.2210, besser bekannt als Silberstahl. Um eine Härte von circa 61 HRC zu erreichen, wird das Material auf über 1000 Grad erhitzt und anschließend sofort mit einem Spezialöl abgeschreckt. Das darauf folgende Anlassen bei etwa 200 Grad gibt der Klinge Elastizität und Zähigkeit. Die Ornamente entstehen durch eine Beschichtung mit 24 karätigem Gold.</p>Griffmaterial<p>Natürliche Perlen werden schon seit über 7000 Jahren als kostbares Kleinod gehandelt. Der seidenmatte Glanz, kombiniert mit einem einmaligen Farbspiel machen sie bis heute zu einem gefragten Rohstoff bei der Schmuckproduktion. Aus ethischen Gründen arbeiten wir ausnahmslos mit einem Perlen-Imitat aus Acrylglas. Ausgewählte Fertigungsprozesse ermöglichen es das bekannte Kolorit perfekt zu replizieren.</p>Schliff<p>Beim Hohlschliff wird das Rasiermesser vom Rücken zur Schneide hin konkav ausgeschliffen. Diese Bauform verbindet große Flexibilität mit hoher Verwindungssteifigkeit in Längsform. Die Klingendynamik sorgt für eine sanfte Rasur begleitet von einem sehr charakteristischen Klang, der durch das Schwingen des Rasiermessers beim Haarabschnitt ausgelöst wird.</p>Klingenbeschreibung<p>Der Rundkopf ist die klassische Form eines Rasiermessers und wird den meisten Rasiersituation gerecht. Diese Klingenausprägung ist seit Jahrhunderten sehr beliebt, da die bauchige Form sehr sicher im Bereich der Ohren, Nase und Grübchen eingesetzt werden kann. Auch im Falle eines Falles schützt dich der runde Kopf vor Verletzungen.</p>Klingenbreite<p>Eine breite Klinge eignet sich vor allem für Herren mit starkem Bartwuchs oder dickeren Haaren. Ein Rasiermesser in 6/8 Zoll gleitet unbeirrt auch durch dichteste Gesichtsbehaarung. Der erfahrene Barbier schätzt das hohe Eigengewicht der Klinge und das daraus resultierende ruhige Laufverhalten. Vor allem auf glatten Gesichtspartien erzielst du so eine unerreicht gründlich sowie komfortable	0301YU7TFBM	26820	148.25	10	2021-03-01 20:11:59 CET		y	4			11				B008JAGNLS						4045284008300			0	DEFAULT	Active
DOVO Rasiermesser 2 Bismarck	Material<p>Dieses Rasiermesser besteht aus Kohlenstoffstahl mit der Werkstoffbezeichnung 1.2210, besser bekannt als Silberstahl. Um eine Härte von circa 61 HRC zu erreichen, wird das Material auf über 1000 Grad erhitzt und anschließend sofort mit einem Spezialöl abgeschreckt. Das darauf folgende Anlassen bei etwa 200 Grad gibt der Klinge Elastizität und Zähigkeit. Das schwarze Finish erreichen wir durch eine abriebfeste Brünierung.</p>Griffmaterial<p>Ebenholz zählt zu den wertvollsten Hölzern der Erde. Es ist ausgesprochen hart und schwer. Daher eignet es sich vortrefflich zur Herstellung eines hochwertigen Griffes. Seine Struktur ermöglicht es dem Holz, auch in feuchter Umgebung seine Form zu halten und nicht aufzuquellen. Mehrere Schleifdurchgänge sind nötig, um die seidenweiche Oberfläche zu erschaffen.</p>Schliff<p>Beim Hohlschliff wird das Rasiermesser vom Rücken zur Schneide hin konkav ausgeschliffen. Diese Bauform verbindet große Flexibilität mit hoher Verwindungssteifigkeit in Längsform. Die Klingendynamik sorgt für eine sanfte Rasur begleitet von einem sehr charakteristischen Klang, der durch das Schwingen des Rasiermessers beim Haarabschnitt ausgelöst wird.</p>Klingenbeschreibung<p>Der Rundkopf ist die klassische Form eines Rasiermessers und wird den meisten Rasiersituation gerecht. Diese Klingenausprägung ist seit Jahrhunderten sehr beliebt, da die bauchige Form sehr sicher im Bereich der Ohren, Nase und Grübchen eingesetzt werden kann. Auch im Falle eines Falles schützt dich der runde Kopf vor Verletzungen.</p>Klingenbreite<p>Eine breite Klinge eignet sich vor allem für Herren mit starkem Bartwuchs oder dickeren Haaren. Ein Rasiermesser in 6/8 Zoll gleitet unbeirrt auch durch dichteste Gesichtsbehaarung. Der erfahrene Barbier schätzt das hohe Eigengewicht der Klinge und das daraus resultierende ruhige Laufverhalten. Vor allem auf glatten Gesichtspartien erzielst du so eine unerreicht gründlich sowie komfortable Rasur.</p>	0301YVMWBGO	26830	165.99	6	2021-03-01 20:11:59 CET		y	4			11				B07JZ5P6XQ						4045284008812			0	DEFAULT	Active
DOVO Rasiermesser Barbarossa	Material<p>Dieses Rasiermesser besteht aus Kohlenstoffstahl mit der Werkstoffbezeichnung 1.2210, besser bekannt als Silberstahl. Um eine Härte von circa 61 HRC zu erreichen, wird das Material auf über 1000 Grad erhitzt und anschließend sofort mit einem Spezialöl abgeschreckt. Das darauf folgende Anlassen bei etwa 200 Grad gibt der Klinge Elastizität und Zähigkeit.</p>Griffmaterial<p>Olivenholz ist ein einzigartiger Werkstoff der Natur. Es ist härter als heimisches Eichen- oder Buchenholz und zeigt dabei eine hohe Widerstandsfähigkeit vor Schimmelbefall. Selbst unbehandelte Olive zeichnet sich schon durch eine überdurchschnittliche Resistenz gegenüber Wasser aus, was es natürlich zum perfekten Material für Rasiermesser, Rasierpinsel und Shavetten macht.</p>Schliff<p>Beim Hohlschliff wird das Rasiermesser vom Rücken zur Schneide hin konkav ausgeschliffen. Diese Bauform verbindet große Flexibilität mit hoher Verwindungssteifigkeit in Längsform. Die Klingendynamik sorgt für eine sanfte Rasur begleitet von einem sehr charakteristischen Klang, der durch das Schwingen des Rasiermessers beim Haarabschnitt ausgelöst wird.</p>Klingenbeschreibung<p>Der Spanischen Kopf ist eine aufwendig gestaltete Kopfform von Rasiermessern. Das Besondere an diesem Kopf ist, dass er konkav mit einer leicht runden Spitze geformt wird. Diese Rundung erleichtert das Rasieren auch von komplexen Passagen rund um Ohren, Nase und Grübchen. Eine solche Bauart bietet dir hohe Präzision ohne dabei auf ein Mindestmaß an Sicherheit verzichten zu müssen.</p>Klingenbreite<p>Rasiermesser in der Größe 5/8 Zoll sind echte Allrounder und können jede Aufgabe rund um die klassische Nassrasur mit Bravour bestehen. Die Klinge ist relativ schwer und kann deshalb ohne großen Druck sanft über deine Haut gleiten. Gleichzeitig ist sie noch wendig genug, um auch technisch anspruchsvollere Passagen rund um Nase, Ohren und Kinn agil bewerkstelligen zu können.</p>	0301YUBWX5J	305870	131.25	8	2021-03-01 20:11:59 CET		y	4			11				B07RWMG8M3						4045284008898			0	DEFAULT	Active
DOVO Rasiermesser 3 Bergischer Löwe	Material<p>Dieses Rasiermesser besteht aus Kohlenstoffstahl mit der Werkstoffbezeichnung 1.2210, besser bekannt als Silberstahl. Um eine Härte von circa 61 HRC zu erreichen, wird das Material auf über 1000 Grad erhitzt und anschließend sofort mit einem Spezialöl abgeschreckt. Das darauf folgende Anlassen bei etwa 200 Grad gibt der Klinge Elastizität und Zähigkeit. Die Ornamente entstehen durch eine Beschichtung mit 24 karätigem Gold.</p>Griffmaterial<p>Rinderhorn ist ein besonders edles Material und daher bestens geeignet, um daraus das Heft des BERGISCHEN LÖWEN zu formen. Jedes Griffteil weist eine individuelle Maserung und ein einzigartiges Farbspiel auf. In einem aufwändigen Verfahren wird das afrikanische Horn in Form gebracht, um in einem weiteren Arbeitsschritt aufwendig geschliffen zu werden. Zuletzt wird das Unikat mehrfach feinpoliert.</p>Schliff<p>Beim Hohlschliff wird das Rasiermesser vom Rücken zur Schneide hin konkav ausgeschliffen. Diese Bauform verbindet große Flexibilität mit hoher Verwindungssteifigkeit in Längsform. Die Klingendynamik sorgt für eine sanfte Rasur begleitet von einem sehr charakteristischen Klang, der durch das Schwingen des Rasiermessers beim Haarabschnitt ausgelöst wird.</p>Klingenbeschreibung<p>Der Spanischen Kopf ist eine aufwendig gestaltete Kopfform von Rasiermessern. Das Besondere an diesem Kopf ist, dass er konkav mit einer leicht runden Spitze geformt wird. Diese Rundung erleichtert das Rasieren auch von komplexen Passagen rund um Ohren, Nase und Grübchen. Eine solche Bauart bietet dir hohe Präzision ohne dabei auf ein Mindestmaß an Sicherheit verzichten zu müssen.</p>Klingenbreite<p>Rasiermesser in der Größe 5/8 Zoll sind echte Allrounder und können jede Aufgabe rund um die klassische Nassrasur mit Bravour bestehen. Die Klinge ist relativ schwer und kann deshalb ohne großen Druck sanft über deine Haut gleiten. Gleichzeitig ist sie noch wendig genug, um auch technisch anspruchsvollere Passagen rund um Nase, Ohren und Kinn ag	0301YU7W2HC	3580	295.95	4	2021-03-01 20:11:59 CET		y	4			11				B002A8N3EA						4045284007020			0	DEFAULT	Active
DOVO Rasiermesser 41 Inox	Material<p>Dieses Rasiermesser ist aus Edelstahl der Sorte 1.4034 gefertigt. Das Metall zeigt gute Korrosionsbeständigkeit gegen Seifen, Wasser sowie Wasserdampf und ist daher ideal für die Herstellung von hochwertigen und superscharfen Klingen geeignet. Die moderne Metalllegierung ist kaum pflegebedürftig, leicht zu reinigen und somit besonders für Neueinsteiger zu empfehlen. Die Ornamente entstehen durch eine Beschichtung mit 24 karätigem Gold.</p>Griffmaterial<p>Olivenholz ist ein einzigartiger Werkstoff der Natur. Es ist härter als heimisches Eichen- oder Buchenholz und zeigt dabei eine hohe Widerstandsfähigkeit vor Schimmelbefall. Selbst unbehandelte Olive zeichnet sich schon durch eine überdurchschnittliche Resistenz gegenüber Wasser aus, was es natürlich zum perfekten Material für Rasiermesser, Rasierpinsel und Shavetten macht.</p>Schliff<p>Beim Hohlschliff wird das Rasiermesser vom Rücken zur Schneide hin konkav ausgeschliffen. Diese Bauform verbindet große Flexibilität mit hoher Verwindungssteifigkeit in Längsform. Die Klingendynamik sorgt für eine sanfte Rasur begleitet von einem sehr charakteristischen Klang, der durch das Schwingen des Rasiermessers beim Haarabschnitt ausgelöst wird.</p>Klingenbeschreibung<p>Der Rundkopf ist die klassische Form eines Rasiermessers und wird den meisten Rasiersituation gerecht. Diese Klingenausprägung ist seit Jahrhunderten sehr beliebt, da die bauchige Form sehr sicher im Bereich der Ohren, Nase und Grübchen eingesetzt werden kann. Auch im Falle eines Falles schützt dich der runde Kopf vor Verletzungen.</p>Klingenbreite<p>Rasiermesser in der Größe 5/8 Zoll sind echte Allrounder und können jede Aufgabe rund um die klassische Nassrasur mit Bravour bestehen. Die Klinge ist relativ schwer und kann deshalb ohne großen Druck sanft über deine Haut gleiten. Gleichzeitig ist sie noch wendig genug, um auch technisch anspruchsvollere Passagen rund um Nase, Ohren und Kinn agil bewerkstelligen zu können.</p>	0301YU7XYSG	415875	155.99	8	2021-03-01 20:11:59 CET		y	4			11				B000Q87E1O						4045284007242			0	DEFAULT	Active
DOVO Rasiermesser 42	Material<p>Dieses Rasiermesser ist aus Edelstahl der Sorte 1.4034 gefertigt. Das Metall zeigt gute Korrosionsbeständigkeit gegen Seifen, Wasser sowie Wasserdampf und ist daher ideal für die Herstellung von hochwertigen und superscharfen Klingen geeignet. Die moderne Metalllegierung ist kaum pflegebedürftig, leicht zu reinigen und somit besonders für Neueinsteiger zu empfehlen. Die Ornamente entstehen durch eine Beschichtung mit 24 karätigem Gold.</p>Griffmaterial<p>PMMA, auch unter dem Namen Acrylglas bekannt, ist ein thermoplastischer Kunststoff. Durch einen aufwendigen Politurvorgang erhält das Material seinen unverkennbaren Glanz und unterstreicht die hochwertige Anmutung der DOVO Rasiermesser. Du musst das Material nicht besonders pflegen, wische Seifenreste und Schmutz einfach mit einem feuchten Tuch ab.</p>Schliff<p>Ein derb geschliffenes Rasiermesser wird unter Kennern und erfahrenen Barbieren auch gerne als Beil bezeichnet. Die Klinge ist relativ starr und stellt ihre Vorteile nicht nur beim Schneiden von Haaren in Kombination mit einem Kamm, sondern auch beim sicheren Ausrasieren von Konturen zur Schau.</p>Klingenbeschreibung<p>Ein Rasiermesser mit Französischem Kopf zeichnet sich durch den viertelkreisförmigen, leicht gerundeten Übergang des Kopfes hin zur Klinge aus. Dies hat vor allem beim Ausrasieren deiner Bartkonturen den Vorteil, dass du mit der Klingenspitze millimetergenau arbeiten kannst. Aus dem Grund ist eine solche Klingenausprägung gerade bei professionellen Barbieren sehr beliebt.</p>Klingenbreite<p>Rasiermesser mit einer Klingenbreite von 3/8 Zoll spielen ihre individuellen Stärken an komplexen Gesichtspartien aus. Durch die schmale Messerbreite kann im Bereich rund um Nase und Ohren besonders leicht manövriert werden. Außerdem kann die Schneide an diesen Stellen exakt im optimalen Schneidwinkel angesetzt werden.</p>	0301YU8282X	42385	110.99	9	2021-03-01 20:11:59 CET		y	4			11				B002X5UDJS						4045284007327			0	DEFAULT	Active
DOVO Rasiermesser Barbarossa	Material<p>Dieses Rasiermesser ist aus Edelstahl der Sorte 1.4034 gefertigt. Das Metall zeigt gute Korrosionsbeständigkeit gegen Seifen, Wasser sowie Wasserdampf und ist daher ideal für die Herstellung von hochwertigen und superscharfen Klingen geeignet. Die moderne Metalllegierung ist kaum pflegebedürftig, leicht zu reinigen und somit besonders für Neueinsteiger zu empfehlen. Die Ornamente entstehen durch eine Beschichtung mit 24 karätigem Gold.</p>Griffmaterial<p>Ebenholz zählt zu den wertvollsten Hölzern der Erde. Es ist ausgesprochen hart und schwer. Daher eignet es sich vortrefflich zur Herstellung eines hochwertigen Griffes. Seine Struktur ermöglicht es dem Holz, auch in feuchter Umgebung seine Form zu halten und nicht aufzuquellen. Mehrere Schleifdurchgänge sind nötig, um die seidenweiche Oberfläche zu erschaffen.</p>Schliff<p>Beim Hohlschliff wird das Rasiermesser vom Rücken zur Schneide hin konkav ausgeschliffen. Diese Bauform verbindet große Flexibilität mit hoher Verwindungssteifigkeit in Längsform. Die Klingendynamik sorgt für eine sanfte Rasur begleitet von einem sehr charakteristischen Klang, der durch das Schwingen des Rasiermessers beim Haarabschnitt ausgelöst wird.</p>Klingenbeschreibung<p>Der Spanischen Kopf ist eine aufwendig gestaltete Kopfform von Rasiermessern. Das Besondere an diesem Kopf ist, dass er konkav mit einer leicht runden Spitze geformt wird. Diese Rundung erleichtert das Rasieren auch von komplexen Passagen rund um Ohren, Nase und Grübchen. Eine solche Bauart bietet dir hohe Präzision ohne dabei auf ein Mindestmaß an Sicherheit verzichten zu müssen.</p>Klingenbreite<p>Rasiermesser in der Größe 5/8 Zoll sind echte Allrounder und können jede Aufgabe rund um die klassische Nassrasur mit Bravour bestehen. Die Klinge ist relativ schwer und kann deshalb ohne großen Druck sanft über deine Haut gleiten. Gleichzeitig ist sie noch wendig genug, um auch technisch anspruchsvollere Passagen rund um Nase, Ohren und Kinn agil bewerkstelligen zu kö	0301YUAFMZH	45581	135.5	1	2021-03-01 20:11:59 CET		y	4			11				B07JZG41JS						4045284008829			0	DEFAULT	Active
DOVO Rasiermesser 4 Prima Silver Steel	Material<p>Dieses Rasiermesser besteht aus Kohlenstoffstahl mit der Werkstoffbezeichnung 1.2210, besser bekannt als Silberstahl. Um eine Härte von circa 61 HRC zu erreichen, wird das Material auf über 1000 Grad erhitzt und anschließend sofort mit einem Spezialöl abgeschreckt. Das darauf folgende Anlassen bei etwa 200 Grad gibt der Klinge Elastizität und Zähigkeit. Die Ornamente entstehen durch eine Beschichtung mit 24 karätigem Gold.</p>Griffmaterial<p>Ebenholz zählt zu den wertvollsten Hölzern der Erde. Es ist ausgesprochen hart und schwer. Daher eignet es sich vortrefflich zur Herstellung eines hochwertigen Griffes. Seine Struktur ermöglicht es dem Holz, auch in feuchter Umgebung seine Form zu halten und nicht aufzuquellen. Mehrere Schleifdurchgänge sind nötig, um die seidenweiche Oberfläche zu erschaffen.</p>Schliff<p>Beim Hohlschliff wird das Rasiermesser vom Rücken zur Schneide hin konkav ausgeschliffen. Diese Bauform verbindet große Flexibilität mit hoher Verwindungssteifigkeit in Längsform. Die Klingendynamik sorgt für eine sanfte Rasur begleitet von einem sehr charakteristischen Klang, der durch das Schwingen des Rasiermessers beim Haarabschnitt ausgelöst wird.</p>Klingenbeschreibung<p>Der Rundkopf ist die klassische Form eines Rasiermessers und wird den meisten Rasiersituation gerecht. Diese Klingenausprägung ist seit Jahrhunderten sehr beliebt, da die bauchige Form sehr sicher im Bereich der Ohren, Nase und Grübchen eingesetzt werden kann. Auch im Falle eines Falles schützt dich der runde Kopf vor Verletzungen.</p>Klingenbreite<p>Rasiermesser in der Größe 5/8 Zoll sind echte Allrounder und können jede Aufgabe rund um die klassische Nassrasur mit Bravour bestehen. Die Klinge ist relativ schwer und kann deshalb ohne großen Druck sanft über deine Haut gleiten. Gleichzeitig ist sie noch wendig genug, um auch technisch anspruchsvollere Passagen rund um Nase, Ohren und Kinn agil bewerkstelligen zu können.</p>	0301YVAVAPF	4580	129.99	6	2021-03-01 20:11:59 CET		y	4			11				B000Q85OHK						4045284007037			0	DEFAULT	Active
DOVO Rasiermesser 5 Astrale	Material<p>Dieses Rasiermesser besteht aus Kohlenstoffstahl mit der Werkstoffbezeichnung 1.2210, besser bekannt als Silberstahl. Um eine Härte von circa 61 HRC zu erreichen, wird das Material auf über 1000 Grad erhitzt und anschließend sofort mit einem Spezialöl abgeschreckt. Das darauf folgende Anlassen bei etwa 200 Grad gibt der Klinge Elastizität und Zähigkeit. Die Ornamente entstehen durch eine Beschichtung mit 24 karätigem Gold.</p>Griffmaterial<p>Ebenholz zählt zu den wertvollsten Hölzern der Erde. Es ist ausgesprochen hart und schwer. Daher eignet es sich vortrefflich zur Herstellung eines hochwertigen Griffes. Seine Struktur ermöglicht es dem Holz, auch in feuchter Umgebung seine Form zu halten und nicht aufzuquellen. Mehrere Schleifdurchgänge sind nötig, um die seidenweiche Oberfläche zu erschaffen.</p>Schliff<p>Beim Hohlschliff wird das Rasiermesser vom Rücken zur Schneide hin konkav ausgeschliffen. Diese Bauform verbindet große Flexibilität mit hoher Verwindungssteifigkeit in Längsform. Die Klingendynamik sorgt für eine sanfte Rasur begleitet von einem sehr charakteristischen Klang, der durch das Schwingen des Rasiermessers beim Haarabschnitt ausgelöst wird.</p>Klingenbeschreibung<p>Der Rundkopf ist die klassische Form eines Rasiermessers und wird den meisten Rasiersituation gerecht. Diese Klingenausprägung ist seit Jahrhunderten sehr beliebt, da die bauchige Form sehr sicher im Bereich der Ohren, Nase und Grübchen eingesetzt werden kann. Auch im Falle eines Falles schützt dich der runde Kopf vor Verletzungen.</p>Klingenbreite<p>Rasiermesser in der Größe 5/8 Zoll sind echte Allrounder und können jede Aufgabe rund um die klassische Nassrasur mit Bravour bestehen. Die Klinge ist relativ schwer und kann deshalb ohne großen Druck sanft über deine Haut gleiten. Gleichzeitig ist sie noch wendig genug, um auch technisch anspruchsvollere Passagen rund um Nase, Ohren und Kinn agil bewerkstelligen zu können.</p>	0301YU6ERYJ	558130	145.99	10	2021-03-01 20:11:59 CET		y	4			11				B003WA85S4						4045284007167			0	DEFAULT	Active
MERKUR Rasierer 24G	Material<p>Der Kopf des Hobels wird im Zinkdruckgussverfahren gefertigt, da so sehr exakte Fertigungstoleranzen und komplexe Formen möglich sind. Um für eine angenehme Gewichtsverteilung zu sorgen, verwenden wir beim Griffstück ausschließlich Messing. Das Chromfinish schützt den Rasierer vor Korrosion und unterstreicht das hochwertige Design.</p>Klingenbeschreibung<p>Ein Rasierhobel mit geschlossenem Kamm ist der Alleskönner rund um die klassische Nassrasur. Intuitiv wirst du den richtigen Anstellwinkel deines Hobels erfühlen und sofort beste Rasurergebnisse bewundern können. Der großzügige Klingenspalt ermöglicht hohen Seifendurchfluss und schützt dadurch den Rasierkopf vor der Verstopfung mit abgeschnittenen Haaren oder Schaumresten.</p>	0301YWFZ2Y8	9024003	57.83	5	2021-03-02 00:01:24 CET		y	4			11				B0851LHYPV						4045284032039			0	DEFAULT	Active
DOVO Rasiermesser 98	Material<p>Dieses Rasiermesser besteht aus Kohlenstoffstahl mit der Werkstoffbezeichnung 1.2210, besser bekannt als Silberstahl. Um eine Härte von circa 61 HRC zu erreichen, wird das Material auf über 1000 Grad erhitzt und anschließend sofort mit einem Spezialöl abgeschreckt. Das darauf folgende Anlassen bei etwa 200 Grad gibt der Klinge Elastizität und Zähigkeit. Die Ornamente entstehen durch eine Beschichtung mit 24 karätigem Gold.</p>Griffmaterial<p>Egal ob als Möbelintarsie oder Schmuck - Perlmutt wird seit Jahrhunderten zur luxuriösen Veredlung hochwertiger Erzeugnisse verwendet. Aus ethischen Gründen arbeiten wir ausnahmslos mit einem Perlmutt-Imitat aus Acrylglas. Durch ausgewählte Fertigungsprozesse ist es uns möglich, das irisierende Farbspiel von echtem Perlmutt zu imitieren und gleichzeitig mit den langlebigen Eigenschaften von Acryl zu kombinieren.</p>Schliff<p>Beim Hohlschliff wird das Rasiermesser vom Rücken zur Schneide hin konkav ausgeschliffen. Diese Bauform verbindet große Flexibilität mit hoher Verwindungssteifigkeit in Längsform. Die Klingendynamik sorgt für eine sanfte Rasur begleitet von einem sehr charakteristischen Klang, der durch das Schwingen des Rasiermessers beim Haarabschnitt ausgelöst wird.</p>Klingenbeschreibung<p>Der Rundkopf ist die klassische Form eines Rasiermessers und wird den meisten Rasiersituation gerecht. Diese Klingenausprägung ist seit Jahrhunderten sehr beliebt, da die bauchige Form sehr sicher im Bereich der Ohren, Nase und Grübchen eingesetzt werden kann. Auch im Falle eines Falles schützt dich der runde Kopf vor Verletzungen.</p>Klingenbreite<p>Rasiermesser in der Größe 5/8 Zoll sind echte Allrounder und können jede Aufgabe rund um die klassische Nassrasur mit Bravour bestehen. Die Klinge ist relativ schwer und kann deshalb ohne großen Druck sanft über deine Haut gleiten. Gleichzeitig ist sie noch wendig genug, um auch technisch anspruchsvollere Passagen rund um Nase, Ohren und Kinn agil bewerkstelligen zu können.</p>	0301YVAV7V1	985810	158.99	7	2021-03-01 20:11:59 CET		y	4			11				B000Q85OJS						4045284007365			0	DEFAULT	Active
DOVO Rasiermesser 98		0301YVRW3J8	12581319	127.91		2021-03-01 20:43:45 CET		y	1			11				B000Q85OJS						B000Q85OJS				AMAZON_EU	Inactive
DOVO Rasiermesser 3 Bergischer Löwe	Material<p>Dieses Rasiermesser besteht aus Kohlenstoffstahl mit der Werkstoffbezeichnung 1.2210, besser bekannt als Silberstahl. Um eine Härte von circa 61 HRC zu erreichen, wird das Material auf über 1000 Grad erhitzt und anschließend sofort mit einem Spezialöl abgeschreckt. Das darauf folgende Anlassen bei etwa 200 Grad gibt der Klinge Elastizität und Zähigkeit. Die Ornamente entstehen durch eine Beschichtung mit 24 karätigem Gold.</p>Griffmaterial<p>Rinderhorn ist ein besonders edles Material und daher bestens geeignet, um daraus das Heft des BERGISCHEN LÖWEN zu formen. Jedes Griffteil weist eine individuelle Maserung und ein einzigartiges Farbspiel auf. In einem aufwändigen Verfahren wird das afrikanische Horn in Form gebracht, um in einem weiteren Arbeitsschritt aufwendig geschliffen zu werden. Zuletzt wird das Unikat mehrfach feinpoliert.</p>Schliff<p>Beim Hohlschliff wird das Rasiermesser vom Rücken zur Schneide hin konkav ausgeschliffen. Diese Bauform verbindet große Flexibilität mit hoher Verwindungssteifigkeit in Längsform. Die Klingendynamik sorgt für eine sanfte Rasur begleitet von einem sehr charakteristischen Klang, der durch das Schwingen des Rasiermessers beim Haarabschnitt ausgelöst wird.</p>Klingenbeschreibung<p>Der Spanischen Kopf ist eine aufwendig gestaltete Kopfform von Rasiermessern. Das Besondere an diesem Kopf ist, dass er konkav mit einer leicht runden Spitze geformt wird. Diese Rundung erleichtert das Rasieren auch von komplexen Passagen rund um Ohren, Nase und Grübchen. Eine solche Bauart bietet dir hohe Präzision ohne dabei auf ein Mindestmaß an Sicherheit verzichten zu müssen.</p>Klingenbreite<p>Eine breite Klinge eignet sich vor allem für Herren mit starkem Bartwuchs oder dickeren Haaren. Ein Rasiermesser in 6/8 Zoll gleitet unbeirrt auch durch dichteste Gesichtsbehaarung. Der erfahrene Barbier schätzt das hohe Eigengewicht der Klinge und das daraus resultierende ruhige Laufverhalten. Vor allem auf glatten Gesichtspartien erzielst du s	0301YU83NH1	3680	299.99	0	2021-03-01 20:11:59 CET		y	4			11				B07RVCRZMD						4045284008874			0	DEFAULT	Inactive
DOVO Rasiermesser 3 Bergischer Löwe	Material<p>Dieses Rasiermesser besteht aus Kohlenstoffstahl mit der Werkstoffbezeichnung 1.2210, besser bekannt als Silberstahl. Um eine Härte von circa 61 HRC zu erreichen, wird das Material auf über 1000 Grad erhitzt und anschließend sofort mit einem Spezialöl abgeschreckt. Das darauf folgende Anlassen bei etwa 200 Grad gibt der Klinge Elastizität und Zähigkeit. Die Ornamente entstehen durch eine Beschichtung mit 24 karätigem Gold.</p>Griffmaterial<p>Ebenholz zählt zu den wertvollsten Hölzern der Erde. Es ist ausgesprochen hart und schwer. Daher eignet es sich vortrefflich zur Herstellung eines hochwertigen Griffes. Seine Struktur ermöglicht es dem Holz, auch in feuchter Umgebung seine Form zu halten und nicht aufzuquellen. Mehrere Schleifdurchgänge sind nötig, um die seidenweiche Oberfläche zu erschaffen.</p>Schliff<p>Beim Hohlschliff wird das Rasiermesser vom Rücken zur Schneide hin konkav ausgeschliffen. Diese Bauform verbindet große Flexibilität mit hoher Verwindungssteifigkeit in Längsform. Die Klingendynamik sorgt für eine sanfte Rasur begleitet von einem sehr charakteristischen Klang, der durch das Schwingen des Rasiermessers beim Haarabschnitt ausgelöst wird.</p>Klingenbeschreibung<p>Der Spanischen Kopf ist eine aufwendig gestaltete Kopfform von Rasiermessern. Das Besondere an diesem Kopf ist, dass er konkav mit einer leicht runden Spitze geformt wird. Diese Rundung erleichtert das Rasieren auch von komplexen Passagen rund um Ohren, Nase und Grübchen. Eine solche Bauart bietet dir hohe Präzision ohne dabei auf ein Mindestmaß an Sicherheit verzichten zu müssen.</p>Klingenbreite<p>Eine breite Klinge eignet sich vor allem für Herren mit starkem Bartwuchs oder dickeren Haaren. Ein Rasiermesser in 6/8 Zoll gleitet unbeirrt auch durch dichteste Gesichtsbehaarung. Der erfahrene Barbier schätzt das hohe Eigengewicht der Klinge und das daraus resultierende ruhige Laufverhalten. Vor allem auf glatten Gesichtspartien erzielst du so eine unerreicht gründlich sowie kom	0301YVG7ONE	36830	199.4	0	2021-03-01 20:11:59 CET		y	4			11				B07QWZJLSY						4045284008881			0	DEFAULT	Inactive
DOVO Rasiermesser 4 Prima Silver Steel	Material<p>Dieses Rasiermesser besteht aus Kohlenstoffstahl mit der Werkstoffbezeichnung 1.2210, besser bekannt als Silberstahl. Um eine Härte von circa 61 HRC zu erreichen, wird das Material auf über 800 Grad erhitzt und anschließend sofort mit einem Spezialöl abgeschreckt. Das darauf folgende Anlassen bei etwa 200 Grad gibt der Klinge Elastizität und Zähigkeit. Die Ornamente entstehen durch eine Beschichtung mit 24 karätigem Gold.</p>Griffmaterial<p>Rinderhorn ist ein besonders edles Material und daher bestens geeignet, um daraus das Heft des BERGISCHEN LÖWEN zu formen. Jedes Griffteil weist eine individuelle Maserung und ein einzigartiges Farbspiel auf. In einem aufwändigen Verfahren wird das afrikanische Horn in Form gebracht, um in einem weiteren Arbeitsschritt aufwendig geschliffen zu werden. Zuletzt wird das Unikat mehrfach feinpoliert.</p>Schliff<p>Beim Hohlschliff wird das Rasiermesser vom Rücken zur Schneide hin konkav ausgeschliffen. Diese Bauform verbindet große Flexibilität mit hoher Verwindungssteifigkeit in Längsform. Die Klingendynamik sorgt für eine sanfte Rasur begleitet von einem sehr charakteristischen Klang, der durch das Schwingen des Rasiermessers beim Haarabschnitt ausgelöst wird.</p>Klingenbeschreibung<p>Der Rundkopf ist die klassische Form eines Rasiermessers und wird den meisten Rasiersituation gerecht. Diese Klingenausprägung ist seit Jahrhunderten sehr beliebt, da die bauchige Form sehr sicher im Bereich der Ohren, Nase und Grübchen eingesetzt werden kann. Auch im Falle eines Falles schützt dich der runde Kopf vor Verletzungen.</p>Klingenbreite<p>Rasiermesser in der Größe 5/8 Zoll sind echte Allrounder und können jede Aufgabe rund um die klassische Nassrasur mit Bravour bestehen. Die Klinge ist relativ schwer und kann deshalb ohne großen Druck sanft über deine Haut gleiten. Gleichzeitig ist sie noch wendig genug, um auch technisch anspruchsvollere Passagen rund um Nase, Ohren und Kinn agil bewerkstelligen zu können.</p>	0301YU8JGU6	45850	230.99	0	2021-03-01 20:11:59 CET		y	4			11				B07ZWPKXGN						4045284008928			0	DEFAULT	Inactive
